{
  "hamming_loss": 0.03476567932137394,
  "f1_micro": 0.8701973001038421,
  "f1_macro": 0.857307458699282,
  "f1_samples": 0.8865605816794803,
  "precision_micro": 0.815968841285297,
  "recall_micro": 0.932146829810901,
  "f1_FOOD": 0.9095477386934674,
  "f1_SERVICE": 0.8553054662379421,
  "f1_VALUE": 0.8986784140969163,
  "f1_LOCATION": 0.6031746031746031,
  "f1_AMBIENCE": 0.8514851485148515,
  "f1_HALAL COMPLIANCE": 1.0,
  "f1_NON-HALAL ELEMENTS": 0.9523809523809523,
  "f1_AUTHENTICITY & LOCAL VIBE": 0.84,
  "f1_LOYALTY (RETURN INTENT)": 0.8051948051948052,
  "exact_match_accuracy": 0.7622027534418022,
  "exact_match_count": 609,
  "total_segments": 799
}